FID,OBJECTID,SHAPE,BEZIRK,STRASSE,ONR,TELEFON,OEFFNUNGSZEIT,INFORMATION,ABTEILUNG,KATEGORIE,SE_ANNO_CAD_DATA
WCANLAGEOGD.288137,288137,POINT (16.349716564962275 48.1807602023042),5,Eichenstr. / Fendig. (Abgang zur Straßenbahn),,+43 (1) 546 48,Mo-So: 0-24 Uhr,http://www.wien.gv.at/umwelt/ma48/sauberestadt/wc/index.html,M48,WC-Anlage ohne Wartepersonal,
WCANLAGEOGD.288138,288138,POINT (16.388175521852077 48.15655649334741),10,Volkspark Laaerberg (nähe Freilufttheater),,+43 (1) 546 48,Mo-So: 0-24 Uhr,http://www.wien.gv.at/umwelt/ma48/sauberestadt/wc/index.html,M48,WC-Anlage ohne Wartepersonal,
WCANLAGEOGD.288139,288139,POINT (16.358497345751864 48.222873927380846),9,Liechtensteinpark,,+43 (1) 546 48,Mo-So: 0-24 Uhr,http://www.wien.gv.at/umwelt/ma48/sauberestadt/wc/index.html,M48,WC-Anlage ohne Wartepersonal,
WCANLAGEOGD.288140,288140,POINT (16.33841335993129 48.177634927961975),12,Aßmayergasse / Karl-Löwe-Gasse,,+43 (1) 546 48,Mo-So: 0-24 Uhr,http://www.wien.gv.at/umwelt/ma48/sauberestadt/wc/index.html,M48,Pissoir,
WCANLAGEOGD.288141,288141,POINT (16.386613648728474 48.172678636152554),10,Puchsbaumplatz ggü 10,,+43 (1) 546 48,Mo-So: 0-24 Uhr,http://www.wien.gv.at/umwelt/ma48/sauberestadt/wc/index.html,M48,Pissoir,
WCANLAGEOGD.288142,288142,POINT (16.228414012014564 48.20726926258126),14,Hauptstraße/bei der Kirche Mariabrunn,,+43 (1) 546 48,Mo-So: 0-24 Uhr,http://www.wien.gv.at/umwelt/ma48/sauberestadt/wc/index.html,M48,WC-Anlage ohne Wartepersonal,
WCANLAGEOGD.288143,288143,POINT (16.294749096772 48.21519941396266),16,Funkengerngasse/Gallitzinstr.,,+43 (1) 546 48,Mo-So: 0-24 Uhr,http://www.wien.gv.at/umwelt/ma48/sauberestadt/wc/index.html,M48,Pissoir,
WCANLAGEOGD.288144,288144,POINT (16.314740021531833 48.1881922991922),15,Auer Welsbach Park,,+43 (1) 546 48,Mo-So: 0-24 Uhr,http://www.wien.gv.at/umwelt/ma48/sauberestadt/wc/index.html,M48,Pissoir,
WCANLAGEOGD.288145,288145,POINT (16.33324211490534 48.21378060781668),16,Huberpark,,+43 (1) 546 48,Mo-So: 0-24 Uhr,http://www.wien.gv.at/umwelt/ma48/sauberestadt/wc/index.html,M48,WC-Anlage mit Behindertenkabine und ohne Wartepersonal,
WCANLAGEOGD.288146,288146,POINT (16.388742856210655 48.21381243645907),2,Robertstiege (Stiegenanlage unten beim Donaukanal,,+43 (1) 546 48,Mo-So: 0-24 Uhr,http://www.wien.gv.at/umwelt/ma48/sauberestadt/wc/index.html,M48,WC-Anlage ohne Wartepersonal,
WCANLAGEOGD.288147,288147,POINT (16.330693599243666 48.223142200020774),17,Diepoldplatz ,ggü 2,+43 (1) 546 48,Mo-So: 0-24 Uhr,http://www.wien.gv.at/umwelt/ma48/sauberestadt/wc/index.html,M48,WC-Anlage ohne Wartepersonal,
WCANLAGEOGD.288148,288148,POINT (16.329444933810738 48.23897861602587),19,Döblinger Friedh./ Hartäckerstraße,,+43 (1) 546 48,Mo-So: 0-24 Uhr,http://www.wien.gv.at/umwelt/ma48/sauberestadt/wc/index.html,M48,Pissoir,
WCANLAGEOGD.288149,288149,POINT (16.27743162312134 48.240736948995306),17,Schwarzenbergpark,,+43 (1) 546 48,Mo-So: 0-24 Uhr,http://www.wien.gv.at/umwelt/ma48/sauberestadt/wc/index.html,M48,WC-Anlage ohne Wartepersonal,
WCANLAGEOGD.288150,288150,POINT (16.324797585028186 48.233915040462335),18,Bischof Faber Platz,ggü 9,+43 (1) 546 48,Mo-So: 0-24 Uhr,http://www.wien.gv.at/umwelt/ma48/sauberestadt/wc/index.html,M48,Pissoir,
WCANLAGEOGD.288151,288151,POINT (16.313012990957418 48.25081889864294),19,Hackenberg (Lagerwiese),,+43 (1) 546 48,Mo-So: 0-24 Uhr,http://www.wien.gv.at/umwelt/ma48/sauberestadt/wc/index.html,M48,WC-Anlage mit Behindertenkabine und ohne Wartepersonal,
WCANLAGEOGD.288152,288152,POINT (16.341229626757123 48.24281184703899),19,Sonnberplatz ggü.6,,+43 (1) 546 48,Mo-So: 0-24 Uhr,http://www.wien.gv.at/umwelt/ma48/sauberestadt/wc/index.html,M48,WC-Anlage ohne Wartepersonal,
WCANLAGEOGD.288153,288153,POINT (16.36181499876001 48.25968503370381),19,Zahnradbahnstr.(Endstelle Linie D),,+43 (1) 546 48,Mo-So: 0-24 Uhr,http://www.wien.gv.at/umwelt/ma48/sauberestadt/wc/index.html,M48,Pissoir,
WCANLAGEOGD.288154,288154,POINT (16.348723893904932 48.194946815427556),6,Loquaiplatz/ggü Königseggasse,,+43 (1) 546 48,Mo-So: 0-24 Uhr,http://www.wien.gv.at/umwelt/ma48/sauberestadt/wc/index.html,M48,WC-Anlage ohne Wartepersonal,
WCANLAGEOGD.288155,288155,POINT (16.38023211038023 48.228192617786306),2,Rabbiner-Schneerson-Platz,,+43 (1) 546 48,Mo-So: 0-24 Uhr,http://www.wien.gv.at/umwelt/ma48/sauberestadt/wc/index.html,M48,Pissoir,
WCANLAGEOGD.288156,288156,POINT (16.393720839693753 48.207552570187424),3,Kegelgasse / Löwengasse (Hundertwasserhaus),,+43 (1) 546 48,Mo-So: 0-24 Uhr,http://www.wien.gv.at/umwelt/ma48/sauberestadt/wc/index.html,M48,WC-Anlage mit Wartepersonal,
WCANLAGEOGD.288157,288157,POINT (16.347795347143773 48.18727572910049),5,Am Hundsturm,ggü. 10,+43 (1) 546 48,Mo-So: 0-24 Uhr,http://www.wien.gv.at/umwelt/ma48/sauberestadt/wc/index.html,M48,WC-Anlage ohne Wartepersonal,
WCANLAGEOGD.288158,288158,POINT (16.4181811239621 48.24068563254264),22,"WIG 64 (Donaupark, Eingang D, Parkplatz)",,+43 (1) 546 48,Mo-So: 0-24 Uhr,http://www.wien.gv.at/umwelt/ma48/sauberestadt/wc/index.html,M48,WC-Anlage mit Behindertenkabine und ohne Wartepersonal,
WCANLAGEOGD.288159,288159,POINT (16.361397801562326 48.189979411236166),5,Mittersteig (Parkanlage),24 - 28,+43 (1) 546 48,Mo-So: 0-24 Uhr,http://www.wien.gv.at/umwelt/ma48/sauberestadt/wc/index.html,M48,WC-Anlage mit Behindertenkabine und ohne Wartepersonal,
WCANLAGEOGD.288160,288160,POINT (16.28231134766869 48.16841920117311),13,Wolkersbergenstr./Jakob Stainer G.,,+43 (1) 546 48,Mo-So: 0-24 Uhr,http://www.wien.gv.at/umwelt/ma48/sauberestadt/wc/index.html,M48,WC-Anlage mit Behindertenkabine und ohne Wartepersonal,
WCANLAGEOGD.288161,288161,POINT (16.397635021330185 48.257912459774374),21,Am Spitz (Amtshaus),1,+43 (1) 546 48,MO-FR: 10-18Uhr,http://www.wien.gv.at/umwelt/ma48/sauberestadt/wc/index.html,M48,WC-Anlage mit Wartepersonal,
WCANLAGEOGD.288162,288162,POINT (16.360393748428354 48.210963049891696),1,Rathauspark/Ring,,+43 (1) 546 48,Mo-SO:10-17 Uhr,http://www.wien.gv.at/umwelt/ma48/sauberestadt/wc/index.html,M48,WC-Anlage mit Wartepersonal,
WCANLAGEOGD.288163,288163,POINT (16.362682649114834 48.21392261754529),1,U2 Schottentor,,+43 (1) 546 48,"Mo-Fr: 6-20 Uhr
Sa: 6-19 Uhr
So: 9-19 Uhr",http://www.wien.gv.at/umwelt/ma48/sauberestadt/wc/index.html,M48,WC-Anlage mit Euro-Key-Behindertenkabine und mit Wartepersonal,
WCANLAGEOGD.288164,288164,POINT (16.448280614546732 48.152245807038256),11,Zentralfriedhof/ Tor 3,,+43 (1) 546 48,MO-SO: 8-18 Uhr,http://www.wien.gv.at/umwelt/ma48/sauberestadt/wc/index.html,M48,WC-Anlage mit Wartepersonal,
WCANLAGEOGD.288165,288165,POINT (16.401861338235964 48.26134443839813),21,Floridsdorfer Markt / Pitkagasse,,+43 (1) 546 48,"MO-DO: 7-15 Uhr
FR: 7-18 Uhr
SA: 7-14 Uhr",http://www.wien.gv.at/umwelt/ma48/sauberestadt/wc/index.html,M48,WC-Anlage mit Euro-Key-Behindertenkabine und mit Wartepersonal,
WCANLAGEOGD.288166,288166,POINT (16.349954465007357 48.198136289797574),6,Mariahilferstraße/Amerlingstraße,,+43 (1) 546 48,"Okt-Apr:Mo-Sa: 9-20 So:10-17 Uhr
Mai-Sep:Mo-Sa:10-21 So:10-17 Uhr",http://www.wien.gv.at/umwelt/ma48/sauberestadt/wc/index.html,M48,WC-Anlage mit Wartepersonal,
WCANLAGEOGD.288167,288167,POINT (16.337044083259226 48.27609409680688),19,Kahlenberg(Parkpl. unter Bushaltestelle),,+43 (1) 546 48,"Mai-Sept. MO-SO: 10:00-20:00
Okt-Apr
Mo-So: 0-24 Uhr",http://www.wien.gv.at/umwelt/ma48/sauberestadt/wc/index.html,M48,WC-Anlage mit Wartepersonal,
WCANLAGEOGD.288168,288168,POINT (16.402723228885115 48.21615130760313),2,Perspektivstraße (Messeparkplatz),,+43 (1) 546 48,"Mai-Sept.: 
MO-SO: 9-18 Uhr
Okt-Apr:
Mo-So: 0-24 Uhr",http://www.wien.gv.at/umwelt/ma48/sauberestadt/wc/index.html,M48,WC-Anlage mit Behindertenkabine und mit Wartepersonal,
WCANLAGEOGD.288169,288169,POINT (16.367628468705274 48.210366634873296),1,Irisgasse,,+43 (1) 546 48,"Jan-April+Okt-Nov:
Mo-Sa: 9-18 Uhr
Mai-Sep+Dez:
Mo-So: 9-19 Uhr",http://www.wien.gv.at/umwelt/ma48/sauberestadt/wc/index.html,M48,WC-Anlage mit Wartepersonal,
WCANLAGEOGD.288180,288180,POINT (16.47932258236879 48.24679878264704),22,"Badeteich Hirschst. (Spargelfeldstr.,Bibernellweg)",,+43 (1) 546 48,Mo-So: 0-24 Uhr,http://www.wien.gv.at/umwelt/ma48/sauberestadt/wc/index.html,M48,WC-Anlage mit Behindertenkabine und ohne Wartepersonal,
WCANLAGEOGD.288181,288181,POINT (16.37199878421158 48.172717563148574),10,Arthaberplatz/Laxenburger Str.,,+43 (1) 546 48,Mo-So: 0-24 Uhr,http://www.wien.gv.at/umwelt/ma48/sauberestadt/wc/index.html,M48,WC-Anlage ohne Wartepersonal,
WCANLAGEOGD.288182,288182,POINT (16.2710134432243 48.190361774761485),13,Streckerplatz,,+43 (1) 546 48,Geschlossen,http://www.wien.gv.at/umwelt/ma48/sauberestadt/wc/index.html,M48,Pissoir,
WCANLAGEOGD.288183,288183,POINT (16.376869645515846 48.17692189944198),10,Viktor Adler Markt,,+43 (1) 546 48,MO-SA: 6-20 Uhr,http://www.wien.gv.at/umwelt/ma48/sauberestadt/wc/index.html,M48,WC-Anlage mit Euro-Key-Behindertenkabine und mit Wartepersonal,
WCANLAGEOGD.288184,288184,POINT (16.398348695046106 48.14672840913453),10,WIG 74 (West),,+43 (1) 546 48,Mo-So: 0-24 Uhr,http://www.wien.gv.at/umwelt/ma48/sauberestadt/wc/index.html,M48,WC-Anlage mit Euro-Key-Behindertenkabine und ohne Wartepersonal,
WCANLAGEOGD.288185,288185,POINT (16.41280239061546 48.17429490387373),11,Geiselbergstraße/Gottschalkgasse,,+43 (1) 546 48,Mo-So: 0-24 Uhr,http://www.wien.gv.at/umwelt/ma48/sauberestadt/wc/index.html,M48,WC-Anlage mit Behindertenkabine und ohne Wartepersonal,
WCANLAGEOGD.288186,288186,POINT (16.362017974108312 48.1983612941336),6,Alfred-Grünwald-Park,,+43 (1) 546 48,Mo-So: 0-24 Uhr,http://www.wien.gv.at/umwelt/ma48/sauberestadt/wc/index.html,M48,WC-Anlage mit Euro-Key-Behindertenkabine und ohne Wartepersonal,
WCANLAGEOGD.288187,288187,POINT (16.34404386111576 48.18763498808364),5,Bruno Kreisky Park,,+43 (1) 546 48,Mo-So: 0-24 Uhr,http://www.wien.gv.at/umwelt/ma48/sauberestadt/wc/index.html,M48,WC-Anlage mit Euro-Key-Behindertenkabine und mit Wartepersonal,
WCANLAGEOGD.288188,288188,POINT (16.381173857197737 48.203174542757296),3,Stadtpark (ggü. Reisnerstraße),,+43 (1) 546 48,Mo-So: 0-24 Uhr,http://www.wien.gv.at/umwelt/ma48/sauberestadt/wc/index.html,M48,WC-Anlage mit Euro-Key-Behindertenkabine und mit Wartepersonal,
WCANLAGEOGD.288189,288189,POINT (16.40115032529734 48.19776992538029),3,Kardinal-Nagl-Platz / Erdbergstraße / Rüdengasse,,+43 (1) 546 48,Mo-So: 0-24 Uhr,http://www.wien.gv.at/umwelt/ma48/sauberestadt/wc/index.html,M48,WC-Anlage mit Euro-Key-Behindertenkabine und ohne Wartepersonal,
WCANLAGEOGD.288190,288190,POINT (16.386139774524086 48.23777680048066),20,Allerheiligenplatz,16 ggü.,+43 (1) 546 48,Mo-So: 0-24 Uhr,http://www.wien.gv.at/umwelt/ma48/sauberestadt/wc/index.html,M48,WC-Anlage mit Euro-Key-Behindertenkabine und ohne Wartepersonal,
WCANLAGEOGD.288191,288191,POINT (16.36965429234241 48.22594489627434),20,Gaußplatz (im Park),,+43 (1) 546 48,Mo-So: 0-24 Uhr,http://www.wien.gv.at/umwelt/ma48/sauberestadt/wc/index.html,M48,WC-Anlage mit Euro-Key-Behindertenkabine und ohne Wartepersonal,
WCANLAGEOGD.288192,288192,POINT (16.42362036776664 48.226443034979646),22,Schüttauplatz/Moissigasse,,+43 (1) 546 48,Mo-So: 0-24 Uhr,http://www.wien.gv.at/umwelt/ma48/sauberestadt/wc/index.html,M48,WC-Anlage mit Euro-Key-Behindertenkabine und ohne Wartepersonal,
WCANLAGEOGD.288193,288193,POINT (16.412033162328292 48.24285895634295),22,"WIG 64 (Donaupark, Eingang C, Tennisplatz",,+43 (1) 546 48,Mo-So: 0-24 Uhr,http://www.wien.gv.at/umwelt/ma48/sauberestadt/wc/index.html,M48,WC-Anlage mit Behindertenkabine und ohne Wartepersonal,
WCANLAGEOGD.288194,288194,POINT (16.337777676666626 48.20109388066178),7,Urban Loritz Platz,,+43 (1) 546 48,Mo-So: 0-24 Uhr,http://www.wien.gv.at/umwelt/ma48/sauberestadt/wc/index.html,M48,WC-Anlage mit Euro-Key-Behindertenkabine und ohne Wartepersonal,
WCANLAGEOGD.288195,288195,POINT (16.39869310395997 48.15065889288804),10,WIG 74 (Gschroppenhaus),,+43 (1) 546 48,Mo-So: 0-24 Uhr,http://www.wien.gv.at/umwelt/ma48/sauberestadt/wc/index.html,M48,WC-Anlage mit Euro-Key-Behindertenkabine und ohne Wartepersonal,
WCANLAGEOGD.288196,288196,POINT (16.380434604915493 48.20688827732566),1,Parkring/Wollzeile,,+43 (1) 546 48,Mo-So: 0-24 Uhr,http://www.wien.gv.at/umwelt/ma48/sauberestadt/wc/index.html,M48,WC-Anlage mit Euro-Key-Behindertenkabine und ohne Wartepersonal,
WCANLAGEOGD.288197,288197,POINT (16.359214675629403 48.21155340746628),1,Rathauspark/Felderstraße,,+43 (1) 546 48,Mo-So: 9-17 Uhr,http://www.wien.gv.at/umwelt/ma48/sauberestadt/wc/index.html,M48,WC-Anlage mit Euro-Key-Behindertenkabine und mit Wartepersonal,
WCANLAGEOGD.288198,288198,POINT (16.358459802703525 48.20981139956898),1,Rathauspark/Lichtenfelsgasse,,+43 (1) 546 48,Mo-So: 9-17 Uhr,http://www.wien.gv.at/umwelt/ma48/sauberestadt/wc/index.html,M48,WC-Anlage mit Euro-Key-Behindertenkabine und mit Wartepersonal,
WCANLAGEOGD.288199,288199,POINT (16.364288505183396 48.18316257606572),5,Kliebergasse (Abgang zur Straßenbahnlinie 18),,+43 (1) 546 48,Mo-So: 0-24 Uhr,http://www.wien.gv.at/umwelt/ma48/sauberestadt/wc/index.html,M48,WC-Anlage mit Euro-Key-Behindertenkabine und ohne Wartepersonal,
WCANLAGEOGD.288200,288200,POINT (16.25689161749068 48.1664390871339),13,Hermesstr./Lainzer Tor,,+43 (1) 546 48,Mo-So: 0-24 Uhr,http://www.wien.gv.at/umwelt/ma48/sauberestadt/wc/index.html,M48,WC-Anlage mit Euro-Key-Behindertenkabine und ohne Wartepersonal,
WCANLAGEOGD.288170,288170,POINT (16.363850356619743 48.19889448571193),6,Linke Wienzeile,ggü 12,+43 (1) 546 48,MO-SA: 6-22 Uhr,http://www.wien.gv.at/umwelt/ma48/sauberestadt/wc/index.html,M48,WC-Anlage mit Behindertenkabine und mit Wartepersonal,
WCANLAGEOGD.288171,288171,POINT (16.390693712919113 48.20294980940478),3,Rochusmarkt,,+43 (1) 546 48,"MO-FR: 6-18.30 Uhr
SA: 6-14 Uhr",http://www.wien.gv.at/umwelt/ma48/sauberestadt/wc/index.html,M48,WC-Anlage mit Behindertenkabine und mit Wartepersonal,
WCANLAGEOGD.288172,288172,POINT (16.36916824379187 48.20914376841394),1,Am Graben,,+43 (1) 546 48,"Jan-April+Okt-Nov:
Mo-Sa: 8-20 Uhr
So:8-17 Uhr
Mai-Sep+Dez:
Mo-Sa: 8-21 Uhr
So:8-20 Uhr",http://www.wien.gv.at/umwelt/ma48/sauberestadt/wc/index.html,M48,WC-Anlage mit Wartepersonal,
WCANLAGEOGD.288173,288173,POINT (16.401568124083813 48.221338129701266),2,Vorgartenmarkt / Ennsgasse,,+43 (1) 546 48,Mo-Do: 8-13 Uhr +Fr-Sa: 7-13 Uhr,http://www.wien.gv.at/umwelt/ma48/sauberestadt/wc/index.html,M48,WC-Anlage mit Euro-Key-Behindertenkabine und mit Wartepersonal,
WCANLAGEOGD.288174,288174,POINT (16.391909310641672 48.25600785711084),21,Floridsdorfer Aupark (Eingang ggü. Frömmlg.),,+43 (1) 546 48,Mo-So: 0-24 Uhr,http://www.wien.gv.at/umwelt/ma48/sauberestadt/wc/index.html,M48,Pissoir,
WCANLAGEOGD.288175,288175,POINT (16.3841633554641 48.270082201194555),21,Lorettoplatz / Überfuhrstr.,59 ggü.,+43 (1) 546 48,Mo-So: 0-24 Uhr,http://www.wien.gv.at/umwelt/ma48/sauberestadt/wc/index.html,M48,WC-Anlage mit Behindertenkabine und ohne Wartepersonal,
WCANLAGEOGD.288176,288176,POINT (16.40733280135746 48.25305310830824),21,Kinzerplatz / Scheffelstraße (historisch),,+43 (1) 546 48,Mo-So: 0-24 Uhr,http://www.wien.gv.at/umwelt/ma48/sauberestadt/wc/index.html,M48,Pissoir,
WCANLAGEOGD.288177,288177,POINT (16.40797438425094 48.255090375648706),21,Hoßplatz,11 ggü.,+43 (1) 546 48,Mo-So: 0-24 Uhr,http://www.wien.gv.at/umwelt/ma48/sauberestadt/wc/index.html,M48,WC-Anlage ohne Wartepersonal,
WCANLAGEOGD.288178,288178,POINT (16.42171852297027 48.23155645927116),22,Kaiserwasser (hinter Sportplatz),,+43 (1) 546 48,Mo-So: 0-24 Uhr,http://www.wien.gv.at/umwelt/ma48/sauberestadt/wc/index.html,M48,WC-Anlage ohne Wartepersonal,
WCANLAGEOGD.288179,288179,POINT (16.435479825271816 48.23062189480606),22,Rehlacke/Lagerwiesenweg,,+43 (1) 546 48,Mo-So: 0-24 Uhr,http://www.wien.gv.at/umwelt/ma48/sauberestadt/wc/index.html,M48,WC-Anlage mit Behindertenkabine und ohne Wartepersonal,
WCANLAGEOGD.288201,288201,POINT (16.42098289921918 48.23067327593677),22,SV Donau/ Kaiserwasser,,+43 (1) 546 48,Mo-So: 0-24 Uhr,http://www.wien.gv.at/umwelt/ma48/sauberestadt/wc/index.html,M48,WC-Anlage mit Behindertenkabine und ohne Wartepersonal,
WCANLAGEOGD.288202,288202,POINT (16.394591654872727 48.25306317858928),21,Wasserpark/A.d.ob.alten Donau,1 ggü.,+43 (1) 546 48,Mo-So: 0-24 Uhr,http://www.wien.gv.at/umwelt/ma48/sauberestadt/wc/index.html,M48,WC-Anlage mit Euro-Key-Behindertenkabine und ohne Wartepersonal,
WCANLAGEOGD.288203,288203,POINT (16.274763192445025 48.18077433562493),13,Roter Berg/Heinz Nittel Weg,,+43 (1) 546 48,Mo-So: 0-24 Uhr,http://www.wien.gv.at/umwelt/ma48/sauberestadt/wc/index.html,M48,WC-Anlage mit Euro-Key-Behindertenkabine und ohne Wartepersonal,
WCANLAGEOGD.288204,288204,POINT (16.336448498998156 48.275350643239165),19,Am Kahlenberg bei Kirche,,+43 (1) 546 48,Mo-So: 0-24 Uhr,http://www.wien.gv.at/umwelt/ma48/sauberestadt/wc/index.html,M48,WC-Anlage mit Euro-Key-Behindertenkabine und mit Wartepersonal,
WCANLAGEOGD.288205,288205,POINT (16.401646429127073 48.15132874578907),10,WIG 74 (Eingang Nord),,+43 (1) 546 48,Mo-So: 0-24 Uhr,http://www.wien.gv.at/umwelt/ma48/sauberestadt/wc/index.html,M48,WC-Anlage mit Euro-Key-Behindertenkabine und ohne Wartepersonal,
WCANLAGEOGD.288206,288206,POINT (16.31024116542187 48.241391723939365),18,Pötzleinsdorfer Str./Endstelle 41,,+43 (1) 546 48,Mo-So: 0-24 Uhr,http://www.wien.gv.at/umwelt/ma48/sauberestadt/wc/index.html,M48,WC-Anlage mit Euro-Key-Behindertenkabine und ohne Wartepersonal,
WCANLAGEOGD.288207,288207,POINT (16.401455960715253 48.14712671288949),10,WIG 74 (Mitte),,+43 (1) 546 48,Mo-So: 0-24 Uhr,http://www.wien.gv.at/umwelt/ma48/sauberestadt/wc/index.html,M48,WC-Anlage mit Euro-Key-Behindertenkabine und ohne Wartepersonal,
WCANLAGEOGD.288208,288208,POINT (16.404910541277832 48.20658151658313),2,Jesuitenwiese ( Mitte Rotundenallee),,+43 (1) 546 48,Mo-So: 0-24 Uhr,http://www.wien.gv.at/umwelt/ma48/sauberestadt/wc/index.html,M48,WC-Anlage mit Euro-Key-Behindertenkabine und mit Wartepersonal,
WCANLAGEOGD.288209,288209,POINT (16.275344623754382 48.197307766567356),14,Baumgartner Casino/Linzerstr.,,+43 (1) 546 48,Mo-So: 0-24 Uhr,http://www.wien.gv.at/umwelt/ma48/sauberestadt/wc/index.html,M48,WC-Anlage mit Euro-Key-Behindertenkabine und ohne Wartepersonal,
WCANLAGEOGD.288210,288210,POINT (16.267728414410147 48.205693462900776),14,Dehnepark/Dehnegasse,,+43 (1) 546 48,Mo-So: 0-24 Uhr,http://www.wien.gv.at/umwelt/ma48/sauberestadt/wc/index.html,M48,WC-Anlage mit Euro-Key-Behindertenkabine und ohne Wartepersonal,
WCANLAGEOGD.288211,288211,POINT (16.363260429223054 48.23075575264569),20,Brigittenauer Lände (ggü. Gerhardusg.),,+43 (1) 546 48,Mo-So: 0-24 Uhr,http://www.wien.gv.at/umwelt/ma48/sauberestadt/wc/index.html,M48,WC-Anlage mit Euro-Key-Behindertenkabine und ohne Wartepersonal,
WCANLAGEOGD.288212,288212,POINT (16.269300375369536 48.1512912769658),23,Mauer Rathauspark / Speisingerstraße,ggü 262,+43 (1) 546 48,Mo-So: 0-24 Uhr,http://www.wien.gv.at/umwelt/ma48/sauberestadt/wc/index.html,M48,WC-Anlage mit Euro-Key-Behindertenkabine und ohne Wartepersonal,
WCANLAGEOGD.288213,288213,POINT (16.41064744622675 48.171759151580474),11,Herder Park,ggü 5,+43 (1) 546 48,Mo-So: 0-24 Uhr,http://www.wien.gv.at/umwelt/ma48/sauberestadt/wc/index.html,M48,WC-Anlage mit Euro-Key-Behindertenkabine und ohne Wartepersonal,
WCANLAGEOGD.288214,288214,POINT (16.41121101035691 48.18168371891339),11,Hybler Park/Pachmayergasse,,+43 (1) 546 48,Mo-So: 0-24 Uhr,http://www.wien.gv.at/umwelt/ma48/sauberestadt/wc/index.html,M48,WC-Anlage mit Euro-Key-Behindertenkabine und ohne Wartepersonal,
WCANLAGEOGD.288215,288215,POINT (16.33358938687711 48.20920929657068),16,Hofferplatz/Thaliastraße,,+43 (1) 546 48,Mo-So: 0-24 Uhr,http://www.wien.gv.at/umwelt/ma48/sauberestadt/wc/index.html,M48,WC-Anlage mit Euro-Key-Behindertenkabine und ohne Wartepersonal,
WCANLAGEOGD.288216,288216,POINT (16.308924187596098 48.21285285415254),16,Stillfriedplatz,,+43 (1) 546 48,Mo-So: 0-24 Uhr,http://www.wien.gv.at/umwelt/ma48/sauberestadt/wc/index.html,M48,WC-Anlage mit Euro-Key-Behindertenkabine und ohne Wartepersonal,
WCANLAGEOGD.288217,288217,POINT (16.3357917150809 48.213298994706236),16,Yppenplatz/Markt,,+43 (1) 546 48,Mo-So: 0-24 Uhr,http://www.wien.gv.at/umwelt/ma48/sauberestadt/wc/index.html,M48,WC-Anlage mit Euro-Key-Behindertenkabine und ohne Wartepersonal,
WCANLAGEOGD.288218,288218,POINT (16.33462070664864 48.22146333887699),17,Dornerplatz,ggü 9,+43 (1) 546 48,Mo-So: 0-24 Uhr,http://www.wien.gv.at/umwelt/ma48/sauberestadt/wc/index.html,M48,WC-Anlage mit Euro-Key-Behindertenkabine und ohne Wartepersonal,
WCANLAGEOGD.288219,288219,POINT (16.336732513313855 48.22359948975178),18,Johann Nepomuk Vogel Platz/Markt,,+43 (1) 546 48,Mo-So: 0-24 Uhr,http://www.wien.gv.at/umwelt/ma48/sauberestadt/wc/index.html,M48,WC-Anlage mit Euro-Key-Behindertenkabine und ohne Wartepersonal,
WCANLAGEOGD.288220,288220,POINT (16.321194550835667 48.26406399804724),19,Am Cobenzl,,+43 (1) 546 48,April-Sept. Mo-So: 0-24 Uhr,http://www.wien.gv.at/umwelt/ma48/sauberestadt/wc/index.html,M48,WC-Anlage mit Euro-Key-Behindertenkabine und ohne Wartepersonal,
WCANLAGEOGD.288221,288221,POINT (16.35559814408962 48.20652567990226),7,Weghuberpark/Museumstraße,,+43 (1) 546 48,Mo-So: 0-24 Uhr,http://www.wien.gv.at/umwelt/ma48/sauberestadt/wc/index.html,M48,WC-Anlage mit Behindertenkabine und ohne Wartepersonal,
WCANLAGEOGD.288222,288222,POINT (16.347931789385942 48.19875292799694),7,Andreaspark,,+43 (1) 546 48,Mo-So: 0-24 Uhr,http://www.wien.gv.at/umwelt/ma48/sauberestadt/wc/index.html,M48,WC-Anlage mit Behindertenkabine und ohne Wartepersonal,
WCANLAGEOGD.288223,288223,POINT (16.3344748491606 48.20572583151942),16,Ludo Hartmann Platz/Brunneng.,,+43 (1) 546 48,Mo-So: 0-24 Uhr,http://www.wien.gv.at/umwelt/ma48/sauberestadt/wc/index.html,M48,WC-Anlage mit Behindertenkabine und ohne Wartepersonal,
WCANLAGEOGD.288224,288224,POINT (16.341075358545556 48.207431262097856),7,Josef Strauß Park,,+43 (1) 546 48,Mo-So: 0-24 Uhr,http://www.wien.gv.at/umwelt/ma48/sauberestadt/wc/index.html,M48,WC-Anlage mit Behindertenkabine und ohne Wartepersonal,
WCANLAGEOGD.288225,288225,POINT (16.352370240345994 48.22944575054921),9,Helene-Deutsch-Park,,+43 (1) 546 48,Mo-So: 7-20 Uhr,http://www.wien.gv.at/umwelt/ma48/sauberestadt/wc/index.html,M48,WC-Anlage mit Euro-Key-Behindertenkabine und ohne Wartepersonal,
WCANLAGEOGD.288226,288226,POINT (16.244663428808906 48.204469333827824),14,Hütteldorfer Frdh./Bierhäuselbergg.,,+43 (1) 546 48,Mo-So: 0-24 Uhr,http://www.wien.gv.at/umwelt/ma48/sauberestadt/wc/index.html,M48,WC-Anlage ohne Wartepersonal,
WCANLAGEOGD.288227,288227,POINT (16.355230550823862 48.18787910880354),5,Bacherplatz,ggü. 10,+43 (1) 546 48,Mo-So: 0-24 Uhr,http://www.wien.gv.at/umwelt/ma48/sauberestadt/wc/index.html,M48,WC-Anlage mit Euro-Key-Behindertenkabine und ohne Wartepersonal,
WCANLAGEOGD.288228,288228,POINT (16.407280702031937 48.246761298568636),21,Dragonerhäufel (Lagerwiese bei Kleingärten),,+43 (1) 546 48,Mo-So: 0-24 Uhr,http://www.wien.gv.at/umwelt/ma48/sauberestadt/wc/index.html,M48,WC-Anlage ohne Wartepersonal,
WCANLAGEOGD.288229,288229,POINT (16.255891447496275 48.20253614495303),14,Linzerstr.(Endst. 49),,+43 (1) 546 48,"Mo-So: 0-24 Uhr
",http://www.wien.gv.at/umwelt/ma48/sauberestadt/wc/index.html,M48,WC-Anlage mit Behindertenkabine und ohne Wartepersonal,
WCANLAGEOGD.288230,288230,POINT (16.262084380600278 48.210251804973765),14,Steinböckengasse/Eichenweg,,+43 (1) 546 48,Mo-So: 0-24 Uhr,http://www.wien.gv.at/umwelt/ma48/sauberestadt/wc/index.html,M48,WC-Anlage ohne Wartepersonal,
WCANLAGEOGD.288231,288231,POINT (16.35650577398775 48.19659273528361),6,Linke Wienzeile,ggü 60,+43 (1) 546 48,Mo-So: 0-24 Uhr,http://www.wien.gv.at/umwelt/ma48/sauberestadt/wc/index.html,M48,WC-Anlage mit Behindertenkabine und ohne Wartepersonal,
WCANLAGEOGD.288232,288232,POINT (16.479611051171904 48.242003919254536),22,Badeteich Hirschst. (Ziegelhofstr. ggü. 36),,+43 (1) 546 48,Mo-So: 0-24 Uhr,http://www.wien.gv.at/umwelt/ma48/sauberestadt/wc/index.html,M48,WC-Anlage mit Behindertenkabine und ohne Wartepersonal,
WCANLAGEOGD.288233,288233,POINT (16.33945741534672 48.18167291236935),12,Steinbauerpark / Steinbauergasse,,+43 (1) 546 48,Mo-So: 0-24 Uhr,http://www.wien.gv.at/umwelt/ma48/sauberestadt/wc/index.html,M48,WC-Anlage mit Euro-Key-Behindertenkabine und ohne Wartepersonal,
WCANLAGEOGD.288234,288234,POINT (16.36748408764686 48.187041185177286),4,Alois-Drasche-Park / Seisgasse,,+43 (1) 546 48,Mo-So: 0-24 Uhr,http://www.wien.gv.at/umwelt/ma48/sauberestadt/wc/index.html,M48,WC-Anlage mit Euro-Key-Behindertenkabine und ohne Wartepersonal,
WCANLAGEOGD.288235,288235,POINT (16.364335514083358 48.180171725718495),10,Waldmüllerpark / Dampfgasse,,+43 (1) 546 48,Mo-So: 0-24 Uhr,http://www.wien.gv.at/umwelt/ma48/sauberestadt/wc/index.html,M48,WC-Anlage mit Euro-Key-Behindertenkabine und ohne Wartepersonal,
WCANLAGEOGD.288236,288236,POINT (16.302534604552996 48.185725815342025),13,Am Platz,,+43 (1) 546 48,Mo-So: 0-24 Uhr,http://www.wien.gv.at/umwelt/ma48/sauberestadt/wc/index.html,M48,WC-Anlage mit Euro-Key-Behindertenkabine und ohne Wartepersonal,
WCANLAGEOGD.288237,288237,POINT (16.260521376373184 48.19602319060446),13,Lilienberggasse/Hietzinger Kai,,+43 (1) 546 48,Mo-So: 0-24 Uhr,http://www.wien.gv.at/umwelt/ma48/sauberestadt/wc/index.html,M48,Pissoir,
WCANLAGEOGD.288238,288238,POINT (16.37818689319181 48.171939678253025),10,Antonsplatz/Schröttergasse,,+43 (1) 546 48,Mo-So: 0-24 Uhr,http://www.wien.gv.at/umwelt/ma48/sauberestadt/wc/index.html,M48,Pissoir,
WCANLAGEOGD.288239,288239,POINT (16.29238744921649 48.182672225123355),13,Alois Krauß Prom./Gloriettegasse,,+43 (1) 546 48,Mo-So: 0-24 Uhr,http://www.wien.gv.at/umwelt/ma48/sauberestadt/wc/index.html,M48,Pissoir,
WCANLAGEOGD.288240,288240,POINT (16.28179846161304 48.13560149857859),23,Liesinger Anger (vis a vis Lehmang.3a),,+43 (1) 546 48,Mo-So: 7-22 Uhr,http://www.wien.gv.at/umwelt/ma48/sauberestadt/wc/index.html,M48,WC-Anlage mit Euro-Key-Behindertenkabine und ohne Wartepersonal,
WCANLAGEOGD.288241,288241,POINT (16.263179320449076 48.1323229569195),23,Rodaun/Endstelle Linie 60,,+43 (1) 546 48,Mo-So: 0-24 Uhr,http://www.wien.gv.at/umwelt/ma48/sauberestadt/wc/index.html,M48,WC-Anlage ohne Wartepersonal,
WCANLAGEOGD.288242,288242,POINT (16.386354138026817 48.22281312488214),2,Volkertmarkt ,,+43 (1) 546 48,Mo-So: 0-24 Uhr,http://www.wien.gv.at/umwelt/ma48/sauberestadt/wc/index.html,M48,WC-Anlage mit Euro-Key-Behindertenkabine und ohne Wartepersonal,
WCANLAGEOGD.288243,288243,POINT (16.39662914678981 48.22633381852381),2,Rudolf-Bednar-Park,,+43 (1) 546 48,Mo-So: 0-24 Uhr,http://www.wien.gv.at/umwelt/ma48/sauberestadt/wc/index.html,M48,WC-Anlage mit Euro-Key-Behindertenkabine und ohne Wartepersonal,
WCANLAGEOGD.288244,288244,POINT (16.384387045039077 48.217693273327676),2,Odeongasse /Tiefgarageneingang,neben 2A,+43 (1) 546 48,Mo-So: 0-24 Uhr,http://www.wien.gv.at/umwelt/ma48/sauberestadt/wc/index.html,M48,WC-Anlage mit Euro-Key-Behindertenkabine und ohne Wartepersonal,
WCANLAGEOGD.288245,288245,POINT (16.40469700126208 48.2236350535401),2,Mexikoplatz / Ennsgasse,ggü. 16,+43 (1) 546 48,Mo-So: 0-24 Uhr,http://www.wien.gv.at/umwelt/ma48/sauberestadt/wc/index.html,M48,WC-Anlage ohne Wartepersonal,
WCANLAGEOGD.288246,288246,POINT (16.40029757655754 48.220642812280495),2,Max-Winter-Platz,,+43 (1) 546 48,Mo-So: 0-24 Uhr,http://www.wien.gv.at/umwelt/ma48/sauberestadt/wc/index.html,M48,WC-Anlage mit Euro-Key-Behindertenkabine und ohne Wartepersonal,
WCANLAGEOGD.288247,288247,POINT (16.251686311764136 48.20202283556097),14,Ferdinand Wolf Park,,+43 (1) 546 48,Mo-So: 0-24 Uhr,http://www.wien.gv.at/umwelt/ma48/sauberestadt/wc/index.html,M48,WC-Anlage mit Behindertenkabine und ohne Wartepersonal,
WCANLAGEOGD.288248,288248,POINT (16.27955383723274 48.20052146212554),14,Baumgartner Frdh./Waidhausenstr.,,+43 (1) 546 48,Mo-So: 0-24 Uhr,http://www.wien.gv.at/umwelt/ma48/sauberestadt/wc/index.html,M48,WC-Anlage ohne Wartepersonal,
WCANLAGEOGD.288249,288249,POINT (16.258748041503207 48.198337750705),14,Keißlergasse/Brudermanngasse,,+43 (1) 546 48,Mo-So: 0-24 Uhr,http://www.wien.gv.at/umwelt/ma48/sauberestadt/wc/index.html,M48,WC-Anlage mit Euro-Key-Behindertenkabine und ohne Wartepersonal,
WCANLAGEOGD.288250,288250,POINT (16.246790494561086 48.21078547600098),14,Wolfersberg/ Lagerwiese,,+43 (1) 546 48,Mo-So: 0-24 Uhr,http://www.wien.gv.at/umwelt/ma48/sauberestadt/wc/index.html,M48,WC-Anlage ohne Wartepersonal,
WCANLAGEOGD.288251,288251,POINT (16.27766695186822 48.215036822357476),16,Johann Staud Straße/Heschweg,,+43 (1) 546 48,Mo-So: 0-24 Uhr,http://www.wien.gv.at/umwelt/ma48/sauberestadt/wc/index.html,M48,WC-Anlage mit Euro-Key-Behindertenkabine und ohne Wartepersonal,
WCANLAGEOGD.288252,288252,POINT (16.41772832625373 48.23169499757005),22,"""Arcotel"" Wagramer Straße",8,+43 (1) 546 48,,http://www.wien.gv.at/umwelt/ma48/sauberestadt/wc/index.html,M48,WC-Anlage mit Euro-Key-Behindertenkabine und ohne Wartepersonal,
WCANLAGEOGD.288253,288253,POINT (16.36861706225369 48.23205908506517),20,Hannovermarkt/Hannoverg.,29 ggü.,+43 (1) 546 48,Mo-So: 0-24 Uhr,http://www.wien.gv.at/umwelt/ma48/sauberestadt/wc/index.html,M48,WC-Anlage mit Euro-Key-Behindertenkabine und ohne Wartepersonal,
WCANLAGEOGD.288254,288254,POINT (16.408391507650926 48.27672306570335),21,Frauenstiftgasse / Brünner Straße,,+43 (1) 546 48,Mo-So: 0-24 Uhr,http://www.wien.gv.at/umwelt/ma48/sauberestadt/wc/index.html,M48,WC-Anlage mit Behindertenkabine und ohne Wartepersonal,
WCANLAGEOGD.288255,288255,POINT (16.371532249082136 48.229964843951166),20,Wallensteinplatz,,+43 (1) 546 48,Mo-So: 0-24 Uhr,http://www.wien.gv.at/umwelt/ma48/sauberestadt/wc/index.html,M48,WC-Anlage mit Euro-Key-Behindertenkabine und ohne Wartepersonal,
WCANLAGEOGD.288256,288256,POINT (16.3108218569388 48.227367308830566),17,Alszeile/Friedhof,,+43 (1) 546 48,Mo-So: 0-24 Uhr,http://www.wien.gv.at/umwelt/ma48/sauberestadt/wc/index.html,M48,Pissoir,
WCANLAGEOGD.288257,288257,POINT (16.310748438530478 48.227443977262574),17,Dornbacher Friedhof,,+43 (1) 546 48,Mo-So: 0-24 Uhr,http://www.wien.gv.at/umwelt/ma48/sauberestadt/wc/index.html,M48,WC-Anlage ohne Wartepersonal,
WCANLAGEOGD.288258,288258,POINT (16.31961167662676 48.22501114071009),17,Leopold Kunschak Platz/Hernalser Friedhof,,+43 (1) 546 48,Mo-So: 0-24 Uhr,http://www.wien.gv.at/umwelt/ma48/sauberestadt/wc/index.html,M48,WC-Anlage ohne Wartepersonal,
WCANLAGEOGD.288259,288259,POINT (16.339316518654517 48.227060351310406),18,Schubertpark,,+43 (1) 546 48,Mo-So: 0-24 Uhr,http://www.wien.gv.at/umwelt/ma48/sauberestadt/wc/index.html,M48,WC-Anlage mit Euro-Key-Behindertenkabine und ohne Wartepersonal,
WCANLAGEOGD.288260,288260,POINT (16.36735362828523 48.257776025431895),19,Nußdorfer Markt/Sickenbergg.,,+43 (1) 546 48,Mo-So: 0-24 Uhr,http://www.wien.gv.at/umwelt/ma48/sauberestadt/wc/index.html,M48,WC-Anlage ohne Wartepersonal,
WCANLAGEOGD.288261,288261,POINT (16.36746665933311 48.260346653463316),19,Nußdorfer Platz/Heiligenstädterstr.,,+43 (1) 546 48,Mo-So: 0-24 Uhr,http://www.wien.gv.at/umwelt/ma48/sauberestadt/wc/index.html,M48,WC-Anlage ohne Wartepersonal,
WCANLAGEOGD.288262,288262,POINT (16.3213148671501 48.251980966783286),19,Sieveringer Straße ggü 177,,+43 (1) 546 48,Mo-So: 0-24 Uhr,http://www.wien.gv.at/umwelt/ma48/sauberestadt/wc/index.html,M48,Pissoir,
WCANLAGEOGD.288274,288274,POINT (16.351047170413402 48.21189655736051),8,Florianigasse ( Schönbornpark ),,+43 (1) 546 48,Mo-So: 0-24 Uhr,http://www.wien.gv.at/umwelt/ma48/sauberestadt/wc/index.html,M48,WC-Anlage mit Behindertenkabine und ohne Wartepersonal,
WCANLAGEOGD.288275,288275,POINT (16.33754205536594 48.233978389485586),18,Türkenschanzpark/Gregor Mendel Str./Hasenauerstr.,,+43 (1) 546 48,Mo-So: 0-24 Uhr,http://www.wien.gv.at/umwelt/ma48/sauberestadt/wc/index.html,M48,WC-Anlage mit Behindertenkabine und ohne Wartepersonal,
WCANLAGEOGD.288276,288276,POINT (16.379560249745325 48.24431076291839),20,Fr. Engels Platz (Haltestelle 31 und 33),,+43 (1) 546 48,Mo-So: 0-24 Uhr,http://www.wien.gv.at/umwelt/ma48/sauberestadt/wc/index.html,M48,WC-Anlage mit Euro-Key-Behindertenkabine und ohne Wartepersonal,
WCANLAGEOGD.288277,288277,POINT (16.32346721628031 48.224116296143684),17,Lidlpark/Roggendorfgasse,ggü 5,+43 (1) 546 48,Mo-So: 0-24 Uhr,http://www.wien.gv.at/umwelt/ma48/sauberestadt/wc/index.html,M48,WC-Anlage ohne Wartepersonal,
WCANLAGEOGD.288278,288278,POINT (16.344801089083187 48.22521157692139),18,Kutschkermarkt,,+43 (1) 546 48,Mo-So: 0-24 Uhr,http://www.wien.gv.at/umwelt/ma48/sauberestadt/wc/index.html,M48,WC-Anlage ohne Wartepersonal,
WCANLAGEOGD.288279,288279,POINT (16.333674282657125 48.234276542047304),18,Türkenschanzpark/Kinderspielplatz,,+43 (1) 546 48,Mo-So: 0-24 Uhr,http://www.wien.gv.at/umwelt/ma48/sauberestadt/wc/index.html,M48,WC-Anlage ohne Wartepersonal,
WCANLAGEOGD.288280,288280,POINT (16.37741010864281 48.21744334091108),2,Karmelitermarkt,,+43 (1) 546 48,Mo-So: 0-24 Uhr,http://www.wien.gv.at/umwelt/ma48/sauberestadt/wc/index.html,M48,WC-Anlage mit Behindertenkabine und ohne Wartepersonal,
WCANLAGEOGD.288281,288281,POINT (16.382759327671963 48.19966857176429),3,Am Modenapark,ggü. 4,+43 (1) 546 48,Mo-So: 0-24 Uhr,http://www.wien.gv.at/umwelt/ma48/sauberestadt/wc/index.html,M48,WC-Anlage mit Behindertenkabine und ohne Wartepersonal,
WCANLAGEOGD.288282,288282,POINT (16.402946260672007 48.18399981236092),3,St. Marxer Friedhof,,+43 (1) 546 48,Mo-So: 0-24 Uhr,http://www.wien.gv.at/umwelt/ma48/sauberestadt/wc/index.html,M48,WC-Anlage mit Behindertenkabine und ohne Wartepersonal,
WCANLAGEOGD.288283,288283,POINT (16.332999875003402 48.181075925388626),12,Meidlinger Markt / Niederhofstraße,,+43 (1) 546 48,MO-SA: 6-23:00 Uhr,http://www.wien.gv.at/umwelt/ma48/sauberestadt/wc/index.html,M48,WC-Anlage mit Euro-Key-Behindertenkabine und mit Wartepersonal,
WCANLAGEOGD.288284,288284,POINT (16.419067722969753 48.23915494101316),22,"WIG 64 (Donaupark, Sparefroh)",,+43 (1) 546 48,Mo-So: 0-24 Uhr,http://www.wien.gv.at/umwelt/ma48/sauberestadt/wc/index.html,M48,WC-Anlage ohne Wartepersonal,
WCANLAGEOGD.288285,288285,POINT (16.30950381036854 48.20419116629743),16,Mistplatz Ottakring (Kendlerstr.38),,,Mo-Sa: 7-18 Uhr,,M48,WC-Anlage ohne Wartepersonal,
WCANLAGEOGD.288286,288286,POINT (16.320632038372292 48.22506235417387),17,Mistplatz Hernals (Richthausenstr.4),,,Mo-Sa: 7-18 Uhr,,M48,WC-Anlage ohne Wartepersonal,
WCANLAGEOGD.288287,288287,POINT (16.50043893993274 48.251046804792466),22,Mistplatz Breitenlee (Breitenleerstr.268),,,Mo-Sa: 7-18 Uhr,,M48,WC-Anlage ohne Wartepersonal,
WCANLAGEOGD.288288,288288,POINT (16.44761689116679 48.212388651591326),22,Mistplatz Stadlau (Mühlwasserstr.2),,,Mo-Sa: 7-18 Uhr,,M48,WC-Anlage ohne Wartepersonal,
WCANLAGEOGD.288289,288289,POINT (16.367464325253312 48.142644974402046),23,Mistplatz Inzersdorf (Südrandstr.2),,,Mo-Sa: 7-18 Uhr,,M48,WC-Anlage ohne Wartepersonal,
WCANLAGEOGD.288290,288290,POINT (16.307129182304095 48.22200824773088),16,Kongreßpark,,+43 (1) 546 48,MO-SO: 0-24 Uhr,http://www.wien.gv.at/umwelt/ma48/sauberestadt/wc/index.html,M48,WC-Anlage mit Euro-Key-Behindertenkabine und ohne Wartepersonal,
WCANLAGEOGD.288291,288291,POINT (16.342467359397833 48.21156899762892),8,Bennoplatz / Restaurant Prinz Ferdinand,2,,Mo-So: 11-23 Uhr,http://www.wien.gv.at/umwelt/ma48/sauberestadt/wc/index.html,M48,WC-Anlage ohne Wartepersonal,
WCANLAGEOGD.288292,288292,POINT (16.34374215516552 48.213577175258955),8,Albertgasse-Pizzeria Trattoria Lavanderia,51,,Mo-So: 11-23 Uhr,http://www.wien.gv.at/umwelt/ma48/sauberestadt/wc/index.html,M48,WC-Anlage ohne Wartepersonal,
WCANLAGEOGD.288293,288293,POINT (16.27606005489671 48.23947733861305),17,Marswiese,,,Mo-So: 7-23 Uhr,http://www.wien.gv.at/umwelt/ma48/sauberestadt/wc/index.html,M48,WC-Anlage mit Behindertenkabine und ohne Wartepersonal,
WCANLAGEOGD.288294,288294,POINT (16.391451961283344 48.21881423128917),2,Praterstern,neben 2A,+43 (1) 546 48,Mo-So: 0-24 Uhr,http://www.wien.gv.at/umwelt/ma48/sauberestadt/wc/index.html,M48,Pissoir,
WCANLAGEOGD.288295,288295,POINT (16.392911904768482 48.2176390206213),2,Praterstern vis a vis Fluc Wanne,neben 2A,+43 (1) 546 48,Mo-So: 0-24 Uhr,http://www.wien.gv.at/umwelt/ma48/sauberestadt/wc/index.html,M48,Pissoir,
WCANLAGEOGD.288263,288263,POINT (16.29171396295948 48.233298954097265),17,Rudolf-Kirchschläger-Platz,,+43 (1) 546 48,Mo-So: 0-24 Uhr,http://www.wien.gv.at/umwelt/ma48/sauberestadt/wc/index.html,M48,WC-Anlage mit Euro-Key-Behindertenkabine und ohne Wartepersonal,
WCANLAGEOGD.288264,288264,POINT (16.405142783654885 48.2383330605261),22,"WIG 64 (Donaupark, Kinderspielplatz)",,+43 (1) 546 48,Mo-So: 0-24 Uhr,http://www.wien.gv.at/umwelt/ma48/sauberestadt/wc/index.html,M48,WC-Anlage ohne Wartepersonal,
WCANLAGEOGD.288265,288265,POINT (16.420506610757727 48.29787041657457),21,Stammersdorf / Bahnhofplatz (Endstelle Linie 31),,+43 (1) 546 48,Mo-So: 0-24 Uhr,http://www.wien.gv.at/umwelt/ma48/sauberestadt/wc/index.html,M48,WC-Anlage mit Behindertenkabine und ohne Wartepersonal,
WCANLAGEOGD.288266,288266,POINT (16.38665585782033 48.29153414670148),21,Strebersdorf / Rußbergstraße (Endstelle Linie 26),,+43 (1) 546 48,Mo-So: 0-24 Uhr,http://www.wien.gv.at/umwelt/ma48/sauberestadt/wc/index.html,M48,WC-Anlage mit Euro-Key-Behindertenkabine und ohne Wartepersonal,
WCANLAGEOGD.288267,288267,POINT (16.361981250462264 48.19798759928765),6,Linke Wienzeile,ggü 26,+43 (1) 546 48,"MO-FR: 6-18.30 Uhr 
SA: 6-17 Uhr",http://www.wien.gv.at/umwelt/ma48/sauberestadt/wc/index.html,M48,WC-Anlage mit Wartepersonal,
WCANLAGEOGD.288268,288268,POINT (16.35952871713862 48.1972666742971),6,Linke Wienzeile,ggü 38,+43 (1) 546 48,"MO-FR: 6-18.30 Uhr 
SA: 6-17 Uhr",http://www.wien.gv.at/umwelt/ma48/sauberestadt/wc/index.html,M48,WC-Anlage mit Wartepersonal,
WCANLAGEOGD.288269,288269,POINT (16.38789224463998 48.229872423188276),2,Mistplatz Zwischenbrücken (Dresdnerstr.119),,,Mo-Sa: 7-18 Uhr,,M48,WC-Anlage ohne Wartepersonal,
WCANLAGEOGD.288270,288270,POINT (16.400764866818264 48.18611416948925),3,Mistplatz Landstraße (Grasbergerg.1-3),,,Mo-Sa: 7-18 Uhr,,M48,WC-Anlage ohne Wartepersonal,
WCANLAGEOGD.288296,288296,POINT (16.41690950267003 48.20444731983724),2,Pierre-de-Coubertin-Platz,,+43 (1) 546 48,Mo-So: 0-24 Uhr,http://www.wien.gv.at/umwelt/ma48/sauberestadt/wc/index.html,M48,WC-Anlage mit Euro-Key-Behindertenkabine und ohne Wartepersonal,
WCANLAGEOGD.288271,288271,POINT (16.3680578878358 48.25533278367634),19,MistplatzHeiligenstadt (Grinzingerstr. 151),151,,Mo-Sa: 7-18 Uhr,,M48,WC-Anlage mit Euro-Key-Behindertenkabine und ohne Wartepersonal,
WCANLAGEOGD.288272,288272,POINT (16.455285821586475 48.17721502449073),11,Mistplatz Simmering ((Johann Petrakg.1-3),,,Mo-Sa: 7-18 Uhr,,M48,WC-Anlage mit Behindertenkabine und ohne Wartepersonal,
WCANLAGEOGD.288273,288273,POINT (16.32774020160658 48.21011081312502),16,Richard Wagner Platz/Thaliastr.,,+43 (1) 546 48,Mo-So: 0-24 Uhr,http://www.wien.gv.at/umwelt/ma48/sauberestadt/wc/index.html,M48,WC-Anlage ohne Wartepersonal,
WCANLAGEOGD.288297,288297,POINT (16.465708372949635 48.26224931390271),22,Mistplatz Rinterzelt (Percostr.4),,+43 (1) 546 48,Mo-So: 7-18 Uhr,http://www.wien.gv.at/umwelt/ma48/sauberestadt/wc/index.html,M48,WC-Anlage mit Behindertenkabine und ohne Wartepersonal,
WCANLAGEOGD.288298,288298,POINT (16.344560631240455 48.2113927844428),8,Hamerlingpl. 2 / Cafe Bistro Deli-Bluem,2,,Mo-So: 11-23 Uhr,http://www.wien.gv.at/umwelt/ma48/sauberestadt/wc/index.html,M48,WC-Anlage ohne Wartepersonal,
WCANLAGEOGD.288299,288299,POINT (16.417164137895842 48.222663947168236),22,Donauinsel Anlage Glaspalast,,+43 (1) 4000 96 500,Mo-So: 0-24 Uhr,https://www.wien.gv.at/umwelt/wasserbau/donauinsel/,M45,WC-Anlage mit Euro-Key-Behindertenkabine und ohne Wartepersonal,
WCANLAGEOGD.288300,288300,POINT (16.384743186368162 48.250145648829005),21,Donauinsel Anlage NEU 1,,+43 (1) 4000 96 500,Mo-So: 0-24 Uhr,https://www.wien.gv.at/umwelt/wasserbau/donauinsel/,M45,WC-Anlage ohne Wartepersonal,
WCANLAGEOGD.288301,288301,POINT (16.501768296456085 48.1708511693422),22,Donauinsel Anlage NEU 6,,+43 (1) 4000 96 500,Mo-So: 0-24 Uhr,https://www.wien.gv.at/umwelt/wasserbau/donauinsel/,M45,WC-Anlage ohne Wartepersonal,
WCANLAGEOGD.288302,288302,POINT (16.40251909699923 48.23904145814893),21,Donauinsel Anlage NEU 10,,+43 (1) 4000 96 500,Mo-So: 0-24 Uhr,https://www.wien.gv.at/umwelt/wasserbau/donauinsel/,M45,WC-Anlage ohne Wartepersonal,
WCANLAGEOGD.288303,288303,POINT (16.350431610659392 48.29778243202391),21,Donauinsel Anlage NEU 13,,+43 (1) 4000 96 500,Mo-So: 0-24 Uhr,https://www.wien.gv.at/umwelt/wasserbau/donauinsel/,M45,WC-Anlage ohne Wartepersonal,
WCANLAGEOGD.288304,288304,POINT (16.508632684436943 48.16659677053623),22,Donauinsel Anlage NEU 5,,+43 (1) 4000 96 500,Mo-So: 0-24 Uhr,https://www.wien.gv.at/umwelt/wasserbau/donauinsel/,M45,WC-Anlage mit Wartepersonal,
WCANLAGEOGD.288305,288305,POINT (16.40420649307552 48.22725199476612),2,Handelskai (bei  Reichsbrücke rechter Donaudamm/F),,+43 (1) 4000 96 500,Mo-So: 0-24 Uhr,https://www.wien.gv.at/umwelt/wasserbau/donauinsel/,M45,WC-Anlage mit Behindertenkabine und mit Wartepersonal,
WCANLAGEOGD.288306,288306,POINT (16.465505460971652 48.19094356436594),22,Donauinsel Anlage Ruderzentrum,,+43 (1) 4000 96 500,Mo-So: 0-24 Uhr,https://www.wien.gv.at/umwelt/wasserbau/donauinsel/,M45,WC-Anlage mit Behindertenkabine und ohne Wartepersonal,
WCANLAGEOGD.288307,288307,POINT (16.491255185715346 48.17724146262005),22,Donauinsel Anlage NEU 7,,+43 (1) 4000 96 500,Mo-So: 0-24 Uhr,https://www.wien.gv.at/umwelt/wasserbau/donauinsel/,M45,WC-Anlage ohne Wartepersonal,
WCANLAGEOGD.288308,288308,POINT (16.365711122179025 48.27910076812607),21,Donauinsel Anlage NEU 12,,+43 (1) 4000 96 500,Mo-So: 0-24 Uhr,https://www.wien.gv.at/umwelt/wasserbau/donauinsel/,M45,WC-Anlage ohne Wartepersonal,
WCANLAGEOGD.288309,288309,POINT (16.506198357905728 48.16483909000014),22,Donauinsel Anlage NEU 4,,+43 (1) 4000 96 500,Mo-So: 0-24 Uhr,https://www.wien.gv.at/umwelt/wasserbau/donauinsel/,M45,WC-Anlage ohne Wartepersonal,
WCANLAGEOGD.288310,288310,POINT (16.379994877866366 48.2482422986351),20,Aignersteg/Stiegenallee,,+43 (1) 4000 96 500,Mo-So: 0-24 Uhr,https://www.wien.gv.at/umwelt/wasserbau/donauinsel/,M45,WC-Anlage mit Behindertenkabine und ohne Wartepersonal,
WCANLAGEOGD.288311,288311,POINT (16.40108136590414 48.234669279676176),22,Donauinsel Anlage NEU 2,,+43 (1) 4000 96 500,Mo-So: 0-24 Uhr,https://www.wien.gv.at/umwelt/wasserbau/donauinsel/,M45,WC-Anlage ohne Wartepersonal,
WCANLAGEOGD.288312,288312,POINT (16.41807288979131 48.22730719500461),22,Am Kaisermühlendamm (ggü. Jungmaisg.),,+43 (1) 4000 96 500,Mo-So: 0-24 Uhr,https://www.wien.gv.at/umwelt/wasserbau/donauinsel/,M45,WC-Anlage mit Behindertenkabine und ohne Wartepersonal,
WCANLAGEOGD.288313,288313,POINT (16.428261401831417 48.218647439864036),22,Donauinsel Anlage NEU 9,,+43 (1) 4000 96 500,Mo-So: 0-24 Uhr,https://www.wien.gv.at/umwelt/wasserbau/donauinsel/,M45,WC-Anlage ohne Wartepersonal,
WCANLAGEOGD.288314,288314,POINT (16.423646147452647 48.223141278556014),22,Am Kaisermühlendamm (ggü. Berchtoldg.),,+43 (1) 4000 96 500,Mo-So: 0-24 Uhr,https://www.wien.gv.at/umwelt/wasserbau/donauinsel/,M45,WC-Anlage mit Behindertenkabine und ohne Wartepersonal,
WCANLAGEOGD.288315,288315,POINT (16.375471717960398 48.26777355881357),21,Donauinsel Anlage NEU 11,,+43 (1) 4000 96 500,Mo-So: 0-24 Uhr,https://www.wien.gv.at/umwelt/wasserbau/donauinsel/,M45,WC-Anlage ohne Wartepersonal,
WCANLAGEOGD.288316,288316,POINT (16.464144649125515 48.19489020902778),22,Donauinsel Anlage NEU 8,,+43 (1) 4000 96 500,Mo-So: 0-24 Uhr,https://www.wien.gv.at/umwelt/wasserbau/donauinsel/,M45,WC-Anlage ohne Wartepersonal,
WCANLAGEOGD.288317,288317,POINT (16.43322456576116 48.21240744548388),22,Donauinsel Anlage NEU 3,,+43 (1) 4000 96 500,Mo-So: 0-24 Uhr,https://www.wien.gv.at/umwelt/wasserbau/donauinsel/,M45,WC-Anlage ohne Wartepersonal,
WCANLAGEOGD.288318,288318,POINT (16.402966820860108 48.228224468417515),2,Handelskai ( rechter Donaudamm/D) ,ggü. 154,+43 (1) 4000 96 500,Mo-So: 0-24 Uhr,https://www.wien.gv.at/umwelt/wasserbau/donauinsel/,M45,WC-Anlage mit Behindertenkabine und ohne Wartepersonal,
WCANLAGEOGD.288319,288319,POINT (16.391322824757268 48.244053162833104),21,Donauinsel autom. selbstr. Beachvolleyballpl.,,+43 (1) 4000 96 500,Mo-So: 0-24 Uhr,https://www.wien.gv.at/umwelt/wasserbau/donauinsel/,M45,WC-Anlage mit Behindertenkabine und ohne Wartepersonal,
WCANLAGEOGD.288320,288320,POINT (16.39748637322089 48.24350856260559),22,Damm autom. selbstr. Familienbadestrand,,+43 (1) 4000 96 500,Mo-So: 0-24 Uhr,https://www.wien.gv.at/umwelt/wasserbau/donauinsel/,M45,WC-Anlage mit Behindertenkabine und ohne Wartepersonal,
